model,labeled_predictions,full_class_accuracy,produce_accuracy,freshness_accuracy,manual_review_rate,mean_confidence
EfficientNetB0 final,11,0.9090909090909091,1.0,0.9090909090909091,0.7272727272727273,0.9341204383156516
MobileNetV2 fine-tuned,11,1.0,1.0,1.0,0.7272727272727273,0.9869177558205344
ResNet50 fine-tuned,11,0.9090909090909091,1.0,0.9090909090909091,0.7272727272727273,0.9792243567380038
